{
  "Boston Green Company, Inc._Signed NDA_Expires Oct. 2028.pdf": {
    "filename": "Boston Green Company, Inc._Signed NDA_Expires Oct. 2028.pdf",
    "doc_type": "nda",
    "upload_date": "2025-12-14T08:46:44.872312",
    "status": "processed",
    "workflow_status": "in_review",
    "competency_answers": {
      "party_names": [
        "Boston Green Company, Inc.",
        "Kidde-Fenwal, LLC"
      ],
      "effective_date": "2025-10-31",
      "expiration_date": "2028-10-31",
      "confidentiality_period": "Three (3) years after the effective date; however, obligations concerning trade secrets last as long as they remain classified as such under applicable law.",
      "jurisdiction": "State of California",
      "auto_renewal": "No",
      "notice_period": "Not specified in the agreement"
    },
    "text_extracted": false
  },
  "Central Coating Technologies, Inc._Signed NDA_Expires Sept. 2028.pdf": {
    "filename": "Central Coating Technologies, Inc._Signed NDA_Expires Sept. 2028.pdf",
    "doc_type": "nda",
    "upload_date": "2025-12-14T08:46:49.908808",
    "status": "processed",
    "workflow_status": "in_review",
    "competency_answers": {
      "party_names": [
        "Central Coating Technologies, Inc.",
        "Kidde-Fenwal, LLC"
      ],
      "effective_date": "2025-09-08",
      "expiration_date": "2028-09-08",
      "confidentiality_period": "The obligation of confidentiality lasts as long as the information is classified as a trade secret under applicable law. Otherwise, the agreement terminates automatically three years from the effective date.",
      "jurisdiction": "State of California",
      "auto_renewal": "No, there is no provision for auto-renewal in the agreement.",
      "notice_period": "The agreement does not specify a notice period for termination or non-renewal."
    },
    "text_extracted": false
  },
  "Delva Tool & Machine, LLC_SIGNED NDA_Expires Aug. 2028.pdf": {
    "filename": "Delva Tool & Machine, LLC_SIGNED NDA_Expires Aug. 2028.pdf",
    "doc_type": "nda",
    "upload_date": "2025-12-14T08:46:54.289582",
    "status": "processed",
    "workflow_status": "in_review",
    "competency_answers": {
      "party_names": [
        "Delva Tool & Machine, LLC dba Mill Creek Machining",
        "Kidde-Fenwal, LLC"
      ],
      "effective_date": "2025-08-11",
      "expiration_date": "2028-08-11",
      "confidentiality_period": "3 years or longer if the information is classified as a trade secret under applicable law",
      "jurisdiction": "California, USA",
      "auto_renewal": "No",
      "notice_period": "Not specified"
    },
    "text_extracted": false
  },
  "Fanuc America Corporation_Signed NDA_Expires June 2028.pdf": {
    "filename": "Fanuc America Corporation_Signed NDA_Expires June 2028.pdf",
    "doc_type": "nda",
    "upload_date": "2025-12-14T08:46:57.928566",
    "status": "processed",
    "workflow_status": "in_review",
    "competency_answers": {
      "party_names": [
        "Fanuc America Corporation",
        "Kidde-Fenwal, LLC"
      ],
      "effective_date": "2025-06-16",
      "expiration_date": "2028-06-16",
      "confidentiality_period": "3 years, or indefinitely for trade secrets",
      "jurisdiction": "State of California, USA",
      "auto_renewal": "No",
      "notice_period": "Not specified"
    },
    "text_extracted": false
  },
  "2024 Franny's MAINTENANCE AGREEMENT_Signed.pdf": {
    "filename": "2024 Franny's MAINTENANCE AGREEMENT_Signed.pdf",
    "doc_type": "service_agreement",
    "upload_date": "2025-12-14T08:47:34.355930",
    "status": "processed",
    "workflow_status": "in_review",
    "competency_answers": {
      "party_names": [
        "Franny's Landscape Co., Inc.",
        "Kiddie Fenwal"
      ],
      "services_scope": {
        "scope": [
          "Weekly grass cutting",
          "Shaping and pruning of evergreens",
          "Weeding",
          "Fall cleanup",
          "Lawn chemical treatment"
        ],
        "location": "400 Main St, Ashland, MA 01721"
      },
      "effective_date": "July 1st, 2024",
      "term_length": "5 months",
      "expiration_date": "November 30th, 2024",
      "payment_terms": "Seasonal contract price of $15,000.00",
      "auto_renewal": "Not specified",
      "notice_period": "Not specified"
    },
    "text_extracted": false
  },
  "2024-2025 Frannys Snow Contract_Signed.pdf": {
    "filename": "2024-2025 Frannys Snow Contract_Signed.pdf",
    "doc_type": "service_agreement",
    "upload_date": "2025-12-14T08:50:30.898866",
    "status": "processed",
    "workflow_status": "in_review",
    "competency_answers": {
      "party_names": [
        "Franny's Landscape Co., Inc.",
        "KIDDIE FENWAL"
      ],
      "services_scope": "Snow removal services at KIDDIE FENWAL: 400 MAIN ST, ASHLAND, MA",
      "effective_date": "November 1, 2024",
      "term_length": "5 months",
      "expiration_date": "April 1, 2025",
      "payment_terms": "Payment is $9,800.00 per month for 5 months, totaling $49,000.00. This excludes additional charges for push back, moving, or hauling snow.",
      "auto_renewal": "Not specified",
      "notice_period": "120 days written notice for termination"
    },
    "text_extracted": false
  }
}