{
  "2024 Franny's MAINTENANCE AGREEMENT_Signed.pdf": {
    "filename": "2024 Franny's MAINTENANCE AGREEMENT_Signed.pdf",
    "doc_type": "service_agreement",
    "upload_date": "2025-12-10T12:52:19.873067",
    "status": "processed",
    "workflow_status": "in_review",
    "competency_answers": {
      "party_names": "Not specified in the document text",
      "services_scope": "Not specified in the document text",
      "effective_date": "6/14/2024",
      "term_length": "Not specified in the document text",
      "expiration_date": "Not specified in the document text",
      "payment_terms": "Not specified in the document text",
      "auto_renewal": "Not specified in the document text",
      "notice_period": "Not specified in the document text"
    }
  },
  "Boston Green Company, Inc._Signed NDA_Expires Oct. 2028.pdf": {
    "filename": "Boston Green Company, Inc._Signed NDA_Expires Oct. 2028.pdf",
    "doc_type": "nda",
    "upload_date": "2025-12-12T06:11:38.978037",
    "status": "processed",
    "workflow_status": "active",
    "competency_answers": {
      "party_names": [
        "Boston Green Company, Inc.",
        "Kidde-Fenwal, LLC"
      ],
      "effective_date": "October 31, 2025",
      "expiration_date": "2028-10-31",
      "confidentiality_period": "Three years from the effective date, with trade secret information remaining confidential as long as it qualifies as such under applicable law.",
      "jurisdiction": "State of California, USA",
      "auto_renewal": "No auto-renewal is specified in the agreement.",
      "notice_period": "No specific notice period for termination or non-renewal is mentioned in the agreement."
    }
  },
  "Shaoxing ERCO Electric Co., Ltd_Signed NDA_Expires July 2028.pdf": {
    "filename": "Shaoxing ERCO Electric Co., Ltd_Signed NDA_Expires July 2028.pdf",
    "doc_type": "nda",
    "upload_date": "2025-12-12T08:51:34.445808",
    "status": "processed",
    "workflow_status": "in_review",
    "competency_answers": {
      "party_names": [
        "Shaoxing ERCO Electric Co., Ltd",
        "Kidde-Fenwal, LLC"
      ],
      "effective_date": "2025-07-16",
      "expiration_date": "2028-07-16",
      "confidentiality_period": "3 years, with respect to general confidential information; confidentiality obligations for trade secrets last as long as the information remains classified as such under applicable law.",
      "jurisdiction": "State of California, USA",
      "auto_renewal": "No auto-renewal is mentioned.",
      "notice_period": "No specific notice period for termination is mentioned."
    }
  },
  "Vallen Distribution, Inc._Signed NDA_Expires July 2028.pdf": {
    "filename": "Vallen Distribution, Inc._Signed NDA_Expires July 2028.pdf",
    "doc_type": "nda",
    "upload_date": "2025-12-12T08:51:40.859808",
    "status": "processed",
    "workflow_status": "in_review",
    "competency_answers": {
      "party_names": [
        "Vallen Distribution, Inc.",
        "Kidde-Fenwal, LLC"
      ],
      "effective_date": "2025-07-25",
      "expiration_date": "2028-07-25",
      "confidentiality_period": "3 years, with trade secret protection lasting as long as classified as such",
      "jurisdiction": "Delaware, USA",
      "auto_renewal": "No",
      "notice_period": "Not specified"
    }
  },
  "Norris Cylinder Company_Signed NDA_expires Sept. 2028.pdf": {
    "filename": "Norris Cylinder Company_Signed NDA_expires Sept. 2028.pdf",
    "doc_type": "nda",
    "upload_date": "2025-12-12T09:02:37.789638",
    "status": "processed",
    "workflow_status": "in_review",
    "competency_answers": {
      "party_names": [
        "Norris Cylinder Company",
        "Kidde-Fenwal, LLC"
      ],
      "effective_date": "2025-09-03",
      "expiration_date": "2028-09-03",
      "confidentiality_period": "Three years from the effective date, except for trade secrets, which remain confidential as long as they qualify as such under applicable law.",
      "jurisdiction": "State of Delaware",
      "auto_renewal": "No",
      "notice_period": "Not specified"
    }
  },
  "Delva Tool & Machine, LLC_SIGNED NDA_Expires Aug. 2028.pdf": {
    "filename": "Delva Tool & Machine, LLC_SIGNED NDA_Expires Aug. 2028.pdf",
    "doc_type": "nda",
    "upload_date": "2025-12-12T09:05:55.896476",
    "status": "processed",
    "workflow_status": "in_review",
    "competency_answers": {
      "party_names": [
        "Delva Tool & Machine, LLC dba Mill Creek Machining",
        "Kidde-Fenwal, LLC"
      ],
      "effective_date": "2025-08-11",
      "expiration_date": "2028-08-11",
      "confidentiality_period": "3 years, with trade secrets lasting as long as they are classified as such",
      "jurisdiction": "State of California, USA",
      "auto_renewal": "No",
      "notice_period": "Not specified"
    }
  },
  "Central Coating Technologies, Inc._Signed NDA_Expires Sept. 2028.pdf": {
    "filename": "Central Coating Technologies, Inc._Signed NDA_Expires Sept. 2028.pdf",
    "doc_type": "nda",
    "upload_date": "2025-12-12T09:09:37.073166",
    "status": "processed",
    "workflow_status": "in_review",
    "competency_answers": {
      "party_names": [
        "Central Coating Technologies, Inc.",
        "Kidde-Fenwal, LLC"
      ],
      "effective_date": "2025-09-08",
      "expiration_date": "2028-09-08",
      "confidentiality_period": "Three (3) years from the effective date, except for trade secrets, which last as long as they qualify as such under applicable law.",
      "jurisdiction": "California, USA",
      "auto_renewal": "No",
      "notice_period": "Not specified"
    }
  },
  "UNIQUE FIRE INDUSTRY SDN BHD_Signed NDA_Expires Aug. 2028.pdf": {
    "filename": "UNIQUE FIRE INDUSTRY SDN BHD_Signed NDA_Expires Aug. 2028.pdf",
    "doc_type": "nda",
    "upload_date": "2025-12-12T09:09:42.235567",
    "status": "processed",
    "workflow_status": "in_review",
    "competency_answers": {
      "party_names": [
        "UNIQUE FIRE INDUSTRY SDN BHD",
        "Kidde-Fenwal, LLC"
      ],
      "effective_date": "2025-08-11",
      "expiration_date": "2028-08-11",
      "confidentiality_period": "Three years; trade secret information has indefinite confidentiality until it no longer qualifies as a trade secret.",
      "jurisdiction": "California, USA",
      "auto_renewal": "No",
      "notice_period": "Not specified"
    }
  }
}